Коктейли,Алкоголь,Вино
,Веселье,Друзья
,Отдых,На природе
Барная стойка,Стаканы,Вода
,Танцы,Бальные
,Беседы,По душам
Бармены,Коктейли,Вкусные
,Чаевые,Вознаграждение
,Стойка,За баром
Люди,Общение,Эмоции
,Знакомства,Интересы
,Впечатления,Эмоции
Музыка,Танцы,Свобода
,Наушники,Телефон
,Плейлист,Песни
Диджей,Аппаратура,Техника
,За пультом,Диджейским
,Музыка,Ритм
Дискошары,Цвета,Радуга
,Свет,В конце тоннеля
,Клуб,Октябрьская
Танцы,Близость,Искренность
,Свобода движений,Самовыражение
,Чувство ритма,Такт
Подруги,Секреты,Всему свету
,Поддержка,Опора
,Сплетни,За спиной
Знакомства,Флирт,Строить глазки
,Общение,Новые знания
,Романтика,Ухаживания
Флирт,Влюбленность,Мурашки
,Бабочки в животе,Приятное чувство
,Спорт,Жизнь
Головокружительная атмосфера,Расслабление,Отдых
,На волне эмоций,Свобода
,Здесь и сейчас,Жить
диско-шар,серебро,юбка
,движение,круг
,лучики,солнце
разговоры людей,смех,звук
,истории,тайны
,взгляды,любовь
Коктейли,фрукты,апельсин
,cosmopolitan,Кэрри Брэдшоу
,корица,верум
джин,тоник,гадость
,кислый,лимон
,вкусно,соус
танец,тату,тело
,картина,масло
,мечта,летает
друзья,жизнь,счастье
,глаза,тёмные
,улыбки,сладость
красивые бокалы,стекло,окно
,блики,фото
,дно,пусто
звук chin-chin,тост,речь
,Испания,прудник
,незнакомцы,сюрприз
красивые люди,одежда,платье
,губы,улыбки
,помада,тёмное
тихая музыка,Phill Collins,рай
,инструменты,контрабас
,певец,поляк
караоке,mama-mia!,АВВА
,justin timberlake,река
,день рождения,поздравления
суббота,дом,кровать
,мебель,я
,я,любовь
пиво,Викинги,топор
,пена,море
,хмель,поле
jukebox,80-е,диско
,диски-пластинки,треск
,фильмы,голливуд
стойка,бармен,фартук
,коктейль,зубочистка
,заказ,доставка
виски,горло,простуда
,дуб,кора
,маленькие шоты,27
лампы,жёлтый свет,дом
,тепло,печь
,библиотека им. Ленина,мрамор
джазз,негры,рабство
,50-е,cadillac
,саксофон,Луи Армстронг
дерево (материал),гладкое,девушка
,природа,лес
,запах,благовония
стул,подушка,сон
,попа-боль,вышка
,приседать,тестостерон
друзья,Веселье,танцы
,Общение,окситоцин
,сериал,пустая трата времени
"смех, разговоры",люди,энергия
,розовые щёки,кровь
,вечер,голод
приглушённый свет,романтика,круглый квадрат
,уют,избушка
,сонность,бег
вестерн,ковбои,скука
,револьвер,двеннадцать
,шляпа,игра
душевно,друзья,братья
,ддт,это все
,семейное тепло,мама
веселье,настроение,шалить
,эндорфины,гормоны
,кампания,единомышленники
общение,разговор,диалог
,люди,животные
,информация,полезная
Знакомства,тёлочки,коровы
,любовь,семья
,секс,кайф
Музыка,настрой,бешеный
,концерт,ария
,классика,моцарт
расслабление,спокойствие,равновесие
,сон,красочный
,умиротворение,умирать
вкус,сладкий,пирожное
,мясо,стейк
,сникерс,орехи
аутентичность,атмосфера,воздух
,дух,воин
,эпоха,история
пиво,пшеница,хлеб
,футбол,спорт
,жажда,вода
алкоголь,водка,закуска
,праздники,день рождения
,вредные привычки,сигареты
времяпровождение,семья,родственники
,арсенал ФОК,support
,полезно,гречка
выходной,воскресенье,уборка
,свободное время,YouTube
,домашние дела,стирка
чарт,статистика,информация
,математика,школа
,график,дежурства
выпивка,праздник,новый год
,пиво,ёрш
,шот,рюмка
пиво,пшеница,рожь
,нефильтрованное,чистое
,разливное,бутылочное
бронепоезд,коктейли,макдональдс
,Алкоголь,вред
,каска,война
напитки,кофе,зёрна
,чай,китайский
,вода,жажда
автопилот,самолёт,путешествия
,машина,дача
,пьяница,синяк
такси,дорога,дураки
,дом,работа
,метро,поезд
друзья,дружба,жвачка
,отношения,жена
,доверие,опора
настольный футбол,игра,настольная
,спорт,плавание
,смех,шутка
виски,стакан,ведро
,лёд,пламя
,вечер,ночь
олд фэшн,ремарк,писатель
,ром,куба
,апельсиновая цедра,цитрус
ремарк,чёрный обелиск,похороны
,грусть,печаль
,война,разруха
коктейль,кислый,ягода
,авторский,дизайн
,необычный,вид
бармен,разговорчивый,сосед
,закрытый в себе,друг
,известный,актёр
"расслабиться, отдохнуть",жду этого момента (очень),невтерпёж
,отпуск,долгожданный
,семья,на расстоянии
выходной,активности,На природе
,дача,шашлыки
,тренировки,ежедневные
новые знакомства,саморазвитие,постоянно
,нежелательные,результат
,скучные,кино
вечер с друзьями,тусовка,одногруппники
,танцы,выразить себя
,девчонки-сплетницы,узнать обо всём
традиции,семейные,вещи
,часто забываю,про день рождения
,придумать новую,идея
"скрытый, тайный",непонятный,почерк
,загадочный,сюжет
,вызывает интерес,книга
Музыка,танцы,в душе
,песни,в машине
,выходной,близко
общение,надоедливое,работа
,вечер,уютный
,коллеги,пример для подражания
хорошее настроение,давно не было,плавть
,мечты,сбываются
,шоколад (мясо),medium done
приключения,путешествия,мальта
,новый маршрут,лес
,дорога домой,скоро
алкоголь,алкоголизм,болезнь
,градус,высокий
,Веселье,глупое
разговоры,душевные,страдания
,пустые,разговоры
,трата времени,полезная
знакомые,друзья,близкие
,серая масса,глупые
,близкие,родные
сыр,литовский,язык
,с плесенью,еда
,с дырочками,платье
бармен,усталость,хроническая
,чаевые,большие
,мастерство,непревзойдённое
ночь,день,светлый
,темень,страшная
,звёзды,яркие
центр города,старый город,красивый
,такси,быстрое
,бомжи,грязное
такси,убер,дешёвые
,яндекс,дорогой
,гастарбайтер,грустный
друзья / кампания,близкие,семья
,большая,четвёрка
,весело,задорно
коктейль,крепкий,кулак
,кислый,лимон
,сладкий,перец
Барная стойка,высокая,напряжённость
,удобная,обувь
,липкая,жвачка
Музыка,громкая,музыка
,бестактная,человек
,танцвевальная,площадка
вкусные напитки,чай,мята
,апельсиновый сок,стакан
,лимонад,лёд
танцы,восток,платок
,юбка,длинная 
,пара,домашка
Музыка,ритм,скорость
,гитара,струны
,ноты,тетрадь
световая анимация,розовый,фломастер
,быстро,бежать
,красиво,закат
красивые платья,дорого,манхэттен
,бутик,шанель
,пышные,крем
каблуки,длинные ноги,модель
,чулки,магазин
,пальцы,кольцо
блёстки,вечеринка,перья
,маникюр,перчатки
,кисточка,лак
ночь,сон,в летнюю ночь
,дедлайн,вышка
,кровать,ножки
праздник,шампанское,пузырьки
,бокалы,хрупкие
,костюм,бабочка
кампания,настольная игра,кости
,пицца,коробка
,машина,радио
медленный танец,романтика,свечи
,поцелуи,губы
,арфа,церковь
викторина,карточки,цветные
,очередь,злость
,смех,цирк
Музыка,Танцы,Музыка
,Счастье,Гармония
,Спокойствие,Уют
Люди,Доброта,Собака
,Злость,Плохое настроение
,Дружба,Верность
Хорошие эмоции,Счастье,Взаимопонимание
,Нежность,Поцелуй
,Любовь,Доверие
Танцы,Танцпол,Люди
,Музыка,Вдохновение
,Движение,Жизнь
Лето,Море,Вода
,Солнце,Свет
,Пляж,Загар
Алкоголь,Вино,Романтика
,Уютный вечер,Дом
,Паста,Ресторан
Шарики,Настроение,Позитив
,День рождения,Праздник
,Подарки,Сюрприз
Любовь,Мама,Любовь
,Животные,Кошки
,Друзья,Семья
Друзья,Тусовки,Алкоголь
,Сплетни,Ложь
,Любовь,Красота
Бессонница,Вышка,Университет
,Работа,Финансы
,Усталость,Мешки под глазами
Эйфория,Любовь,Нежность
,Страсть,Прикосновения
,Нежность,Теплота
Танцпол,Танцы,Головокружение
,Люди,Метро
,Музыка,Искусство
Общение,Друзья,Честность
,Путешествия,Европа
,Знакомства,Открытость
Фейс-контроль,Проверка,На прочность
,Внешний вид,Опрятность
,Каблуки,Туфли
Танцовщицы,Гоу-гоу,Танцы
,Танцпол,Люди
,Открытый наряд,Вульгарность
Красивые девушки,Макияж,Красота
,Прически,Укладка
,Одежда,Наряды
Охранники,Безопасность,Защищенность
,Охрана,Безопасность
,Проверки,Детектор лжи
Диджей,Музыка,Игривость
,Поклонники,Фан-клуб
,Мелодия,Классика
Цветомузыка,Шар,Воздух
,Танцы,Клуб
,Зал,Театр
Веселье,Радость,Настроение
,Улыбки,До ушей
,Счастье,Душа
Танцы,Движения,Свобода
,Ритм,Города
,Тонус,Спорт
Развлечение,Игры,Настолки
,Отдых,Семья
,Кино,Фильм
Музыка,Песни,О главном
,Слова,Цитаты
,Смысл,Глубина
Барная стойка,Напитки,Газировка
,Выпивка,Закуски
,Бармен,Красавчик
Алкоголь,Вечер,Холод
,Друзья,Посиделки
,День Рождения,Лето
Веселье,Застолье,Блюда
,Корпоратив,Тосты
,Праздник,Наряды
Коньяк,Магазин,Улица
,Бутылки,Стекло
,Красивые стаканы,Упаковка
Высокие стулья,Еда,Мясо
,Барная стойка,Ресторан
,Коктейль,Фрукты
Темный свет,Музыка,Танцы
,Люди,Клуб
,Алкоголь,Стаканы
Бургеры,Еда,Хлеб
,Соус,Помидоры
,Тарелка,Белый цвет
Место для встречи,Кафе,Кофе
,Стулья,Подушки
,Разговоры,Телефон
Отдых,Отпуск,Поездка
,Свободное время,Безделье
,Поездка,Транспорт
Вечеринка,Друзья,Выходной
,Музыка,Наушники
,Праздник,Подарки
Стол,Посуда,Набор
,Дерево,Лес
,Еда,Салат
Шум,Люди,Толпа
,Крики,Площадь
,Метро,Утро
Бармен,Напитки,Ром
,Бутылки,Витрина
,Деньги,Карточка
Разноцветные стаканы,Напитки,Меню
,Стекло,окно
,Руки,Ногти
Друзья,встреча,Вечер
,Компания,Друзья
,Праздник,Поздравления
Хорошая музыка,Телефон,Сумка
,Музыкант,Инструмент
,Танцы,Ноги
Пьяные люди,Шум,Улица
,Лица,Картины
,Бутылки,Виски
Яркий свет,Музыка,пол
,Темнота,Вечер
,Алкоголь,Стаканы
Вечер, Транспорт,Метро
,Отдых,Хобби
,Семья,Дом
Выходные,День,Дела
,Машина,Дорога
,Встречи,Кафе
Отдых,Отпуск,Море
,Спорт,Фитнес
,Концерт,Зал
Вечеринка,Друзья,Компания
,Музыка,Шум
,Праздник,Тусовка
Бармен,Бутылки,Полка
,Барная стойка,Кафе
,Еда,Меню
Туфли,Одежда,Утро
,Покупка,Магазин
,Танцы,Ночь
Пространство,Стены,Коридор
,Люди,Компания
,Холод,Окно
Улица,Вечер,Темнота
,Машины,Пробка
,Движение,Шум
Дискотека,Яркие огни,Вечеринка
,Музыка,Танец
,Веселые люди,Конкурсы
Напитки,Стакан,Рука
,Бармен,Меню
,Бутылки,Вино
Ночь,Снег,Деревья
,Темный двор,Подъезды
,Машина,Фары
Центр города,Огни,Автомобили
,Суета,Шум
,Витрины,Бренды
Пиво,Отдых,Прогулка
,Кружка,Реклама
,Снэки,Пакет
Друзья,Веселье,Танцы
,Общение,Смех
,Встреча,Телефон
Барная стойка,Металлический цвет,Машина
,Очередь,Люди
,Зеленый стакан,Трубочка
Стулья,Меню,Выпивка
,Сумка,Кошелек
,Стол,Ноутбук
Бармен,Стекло,Полка
,Официант,Поднос
,Темная одежда,Форма
Кальян,Дым,Пожар
,Вечер,Уют
,Воздух,Ветер
Дым,Огонь,Костер
,Подсветка,Здание
,Запах,Духи
Алкоголь,Виски,Алкоголь
,Застолье,Еда
,Встреча,Бар
Веселье,Дискотека,Танцы
,Шарики,Счастье
,Друзья,Путешествие
Свет,Солнце,Желтое
,Лампочка,Люстра
,День,Ночь
Стол,Стул,Интерьер
,Дерево,Кора
,Собрание,Сигареты
Дерево,Береза,Песня
,Бумага,Блокнот
,Дровосек,Топор
Барная стойка,Барный стул,Выходной
,Напиток,Пиво
,Бармен,Профессия
Высокий стул,Мебель,Диван
,Кухня,Нож
,Бар,Драка
Бармен,Профессия,Строитель
,Бариста,Кофе
,Жонглер,Шапито
Пьяные друзья,Веселье,День Рождения
,Курьез,Случай
,Турция,Алкоголь
Отель,Море,Песок
,Звезды,Небо
,Отдых,Выходной
Дискотека,Праздник,Новый Год
,Софиты,Дискотека
,Музыка,Караоке
Выходные,Отдых,Путешествие
,Шоппинг,Торговый Центр
,Прогулка,Собака
Высокие стулья,Человек,Разум
,Дерево,Долголетие
,Красный,Рождество
Шумная музыка,Вечер,Отдых
,Концерт,Группа
,Пение,Лирика
Вкусный алкоголь,Цитрус,Кислота
,Сладкий,Торт
,Оранжевый,Лето
Большие шумные компании,Дружба,Тепло
,Праздник,Детство
,Веселье,Смех
Темное время суток,Новолуние,Мистика
,Сон,Предсказание
,Свежесть,Мята
Разноцветные напитки,Химия,Врач
,Фрукт,Здоровье
,Радуга,Волшебство
Дым,Кальян,Восток
,Сухая трава,Весна
,Угли,Шашлык
Вечер пятницы,Выходной,Время
,Веселье,Улыбки
,Отдых,Природа
Приглушенный свет,Романтика,Любовь
,Тепло,Чай
,Свечи,Уют
Знакомства,Эмоции,Гармония
,Интерес,Неизведанное
,Знание,Книги
Живая музыка,Пианино,Пальцы
,Классика,История
,Хор,Дети
Лед,Кристалл,Блеск
,Прозрачность,Вода
,Хрупкость,Хрусталь
Танцы,Движения,Жизнь
,Музыка,Песня
,Ритм,Танец
Музыка,Громкость,Шум
,Танец,Движения
,Клуб,Алкоголь
Свет,Солнце,Лето
,Яркость,Цвет
,Желтый,Подсолнух
Алкоголь,Вред,Здоровье
,Проблема,Решение
,Здоровье,Врач
Закуски,Вкусно,Еда
,Фуршет,Стол
,Стол,Кухня
Друзья,Детство,Мама
,Помощь,Спасение
,Жизнь,Воздух
Выходной,Отдых,Море
,Сон,Ночь
,Радость,Улыбка
Ночь,Сон,Отдых
,Спокойствие,Йога
,Темнота,Страх
Коктейли,Вкусно,Сладость
,Веселье,Смех
,Алкоголь,Запрет
Смех,Веселье,Компания
,Друзья,Детство
,Шутка,Юмор
Песни,Концерт,Сцена
,Музыка,Колонка
,Караоке,Микрофон
Знакомства,Любовь,Семья
,Свидание,Ресторан
,Улыбка,Счастье
Алкоголь,Расслабление,Выходной
,Веселье,Вечеринка
,Головная боль,Плохая погода
Стойка,Бокалы,Вино
,Люди,Толпа
,Гимнастика,Спорт
Бармен,Бабочка,Рубашка
,Шейкер,Коктейль
,Виски,Кола
Водка,Сок,Ананас
,Лимон,Чай
,Стопка,Текила
Танцы,Хореограф,Номер
,Сцена,Концерт
,Платье,Туфли
Саратов,Дорога,Машина
,Институт,Учеба
,Память,Гигабайты
Фильм «Гадкий Койот»,Бар,Сцена
,Голливуд,Америка
,Актриса,Искусство
Соль,Хлеб,Зерно
,Пещера,Летучая мышь
,Ссора,Скандал
Туфли,Платье,Свадьба
,Лодочки,Туфли
,Длинные ноги,Красотка
Плойка,Волосы,Девушка
,Укладка,Волосы
,Сборы,Выходной
Гренки,Пиво,Гренки
,Чеснок,Специи
,Хлеб,Пекарь
Микрофон,Звук,Ноты
,Пение,Соловей
,Концерт,Фортепиано
Друзья,Компания,Коллеги
,Тамбов,Город
,Выпивка,Виски
Алкоголь,Похмелье,Голова
,Кураж,Клуб
,Стакан,Вода
Кальян,Дым,Пожар
,Голова,Мозг
,Чаша,Чай
Лубянка,ФСБ,Костюм
,Центр,Памятник
,Фиолетовый,Сирень
Дерево,Лист,Червяк
,Дуб,Кот
,Лес,Ель
Свет,Тьма,Небытие
,Ученье,Университет
,Маг,Посох
Официант,Скатерть,Ромашка
,Чаевые,Монеты
,Номер,Гостиница
Цифры,Номер,Телефон
,Лифт,Кнопка
,Дом,Кирпич
Мегаполис,Высотка,Небоскреб
,Набережная,Река
,Люди,Жизнь
Коллеги,Работа,Финансы
,Коллектив,Босс
,Компания,Россия
Веселье,Праздник,Новый год
,Атмосфера,Книга
,Приключения,Поездка
Компания,Банк,Деньги
,Окно,Пейзаж
,Коллеги,Работа
бутылка,сидеть,стул
,осколки,кровь
,боль,шок
весело,праздник,салют
,бар,Выпивка
,смех,улыбка
Друзья,дураки,владос
,сорвиголова,кикбутовски
,времяпровождение,программирование
общение,духовная связь,любовь
,взаимоотношения,дружба
,душа,полёт
пиво,хмель,хлеб
,пинта,объём
,бад,дёшево
бармен,деньги,дорого
,трюки,экстрим
,собеседник,разговор
вечер,темно,луна
,копы,бежать
,закат,рассвет
бокал,звук,тишина
,Стекло,время
,вино,25 лет
отвёртка,ремонт,хата
,Головная боль,цитрамон
,ноут,мобильность
паровозик,томас,джерри
,0.327777778,недосыпание
,толкучка,пюре
еда,энергия,адреналин раш
,вкус,вилл
,процесс приготовления,тепло
день рождения,старость,седые волосы
,туса,секс
,торт,свечи
Пиво (крафтовое пиво),Кружка холодная,конденсат
,Арпа,бутылка
,Шашлык,свинина
Деревянная стойка,Плотник,молоток
,Уют,дом
,Инструменты,ящик
Бородатый бармен,Дикий запад,револьвер
,Задушевные разговоры,расслабленность
,Мак-Грегор,борода
Собутыльники,Дядя,пиво
,Сериал “Сваты”,пьянь
,Скандал,сестра
Полки с алкоголем,Супермаркет,дикси
,Ароматный мир,доброжелательная кассирша
,Красное&Белое,вино
Деревянный стиль,Избушка Бабы-Ёжки,мультик
,Кухня,плита
,Таверна старая,шум
Музыка,Гитара,медиатор
,Вокалистка,Уютни Хьюстон
,Радио,Мир
Кальян,Севас,тайцы
,Кальянщик бородатый азиат,Шишабар
,Чай,Липтон
Официанточки,Короткая юбка,красивые ножки
,Униформа,полицейский
,Приятный голос,вокалистка
Тяжёлая рабочая неделя,Недосып,предыдущая неделя
,Головная боль,таблетки
,Гонорар,большой
Закуска,Охотничьи колбаски,ружье
,Шашлык,шампур
,Дыня,Бишкек
Друзья,Свои друзья,приколы и смех
,Душевный интересный разговор,кайф
,Свой внутренний язык,библиотека
Футбол,Чемпионат мира,футбол
,Спортивная секция,танцы
,Футболист,Аршавин
Мидии,Вкусно,чай
,Мама,тепло
,Праздник,Новый год
Друзья,Верность,любовь
,Поддержка,сестра
,Смех,прогулка
Биатлон,БьйрдАлин,биатлон
,Награды,Сочи
,Стрельба,лагерь
Алкоголь,Депрессия,февраль
,Новый год,Шампанское
,Кухонные разговоры,искренность
Чесночные сухарики,Калорийно,торт
,Диета,фигура
,Жирно,мясо
Ночь,Тихо,степь
,Одиноко,ночь
,Звезды,звезды
Студенты,Разгильдяи,студенты
,Дедлайн,история финансового права
,Экзамены,зачетка
Учёба,Семинары,доклад
,Теория,социальное движение
,Позитив,жизнь
Тусовка,Танцы,хайгхиллс
,Алкоголь,общага
,Музыка,фортепиано
Танцы,Каблуки,лодочки
,Ритм,бачата
,Настроение,солнечное
Общение,Друзья,Даша
,Коллеги,усталость
,Радость,путешествия
алкоголь,вино,красное
,опьянение,алкоголь
,водка,градус
бокал,вино,терпкость
,стекло,окно
,хрупко,хрусталь
Барная стойка,бармен,бар
,напитки,вода
,крики,страх
бармен,шейкер,коктейль
,мужчина,опора
,напитки,прохлада
музыка,мелодия,нота
,танец,вальс
,петь,караоке
компания,друзья,болтовня
,встреча,случайный
,весело,компания
приглушенный свет,мрак,темнота
,спокойствие,отдых
,тень,зонтик
вечер,темно,ночь
,отдых,море
,фонарики,праздник
выходной,свободное время,отдых
,отдых,свобода
,прогулки,лето
коктейль,бар,алкоголь
,алкоголь,спирт
,мохито,мята
вечеринка,клуб,музыка
,шум,толпа
,весело,чувство юмора
друзья,приятное время препровождении,уютные вечера
,шутки,стендап
,помощь,скорая
Алкоголь,напиток,Вкус
,вечер,Темнота
,пятница,Встреча
Друзья,Счастье,Улыбка
,Общение,Тепло
,Смех,До слез
Компания,Вечеринка,Повод
,Поездка,Виза
,Планы,Вдвоем
Танцы,Ночь,Звезды
,Диджей,Пульт
,Прожектор,Глаза
Музыка,Вокал,Приятные звуки
,Гитара,Медиатор
,Балет,Пуанты
Бургеры,Мясо,Кровь
,Прожарка,Слабая
,Лук,Отбор
Коктейли,Цвет,Лавандовый
,Мята,Перечная
,Лед,Треск
Веселье,Шутки,Неловкость
,Видео,Ютуб
,Подруга,Привязанность
Огоньки,Гирлянда,Свет
,Новый год,Елка
,Салют,Праздник
Татуировка,Плечо,Мышца
,Боль,Сила
,Борода,Бритва
Выходной,Отдых,Дом
,Уют,Коты
,Плед,Сон
Бокал,Сидр,Сериал
,Сахар,Шоколад
,Газировка,Объем
